Pathway_Name,Count
GOBP_DNA_DAMAGE_RESPONSE,54
GOBP_DNA_REPAIR,39
GOCC_CHROMOSOME,35
GOBP_DOUBLE_STRAND_BREAK_REPAIR,29
GOBP_CHROMATIN_ORGANIZATION,23
GOBP_CHROMOSOME_ORGANIZATION,20
GOCC_SITE_OF_DNA_DAMAGE,20
REACTOME_DNA_REPAIR,20
GOBP_RECOMBINATIONAL_REPAIR,19
KAUFFMANN_DNA_REPAIR_GENES,19
GOBP_APOPTOTIC_PROCESS,18
GOCC_NUCLEOLUS,16
GOBP_CHROMATIN_REMODELING,15
GOMF_DNA_BINDING_TRANSCRIPTION_FACTOR_BINDING,15
GOMF_SEQUENCE_SPECIFIC_DNA_BINDING,15
REACTOME_DNA_DOUBLE_STRAND_BREAK_REPAIR,15
CASORELLI_ACUTE_PROMYELOCYTIC_LEUKEMIA_DN,13
WP_DNA_REPAIR_PATHWAYS_FULL_NETWORK,13
ACEVEDO_LIVER_TUMOR_VS_NORMAL_ADJACENT_TISSUE_UP,12
GOBP_REGULATION_OF_DNA_REPAIR,12
GOBP_TELOMERE_ORGANIZATION,12
GOCC_PROTEIN_DNA_COMPLEX,11
GOCC_SITE_OF_DOUBLE_STRAND_BREAK,11
GOCC_TRANSCRIPTION_REGULATOR_COMPLEX,11
GOMF_RNA_POLYMERASE_II_SPECIFIC_DNA_BINDING_TRANSCRIPTION_FACTOR_BINDING,11
REACTOME_HOMOLOGY_DIRECTED_REPAIR,11
DODD_NASOPHARYNGEAL_CARCINOMA_UP,10
GOBP_INTRINSIC_APOPTOTIC_SIGNALING_PATHWAY,10
REACTOME_NUCLEOTIDE_EXCISION_REPAIR,10
WP_DNA_IRDAMAGE_AND_CELLULAR_RESPONSE_VIA_ATR,10
ACEVEDO_LIVER_CANCER_UP,9
DACOSTA_UV_RESPONSE_VIA_ERCC3_DN,9
ENK_UV_RESPONSE_KERATINOCYTE_DN,9
GOBP_DOUBLE_STRAND_BREAK_REPAIR_VIA_NONHOMOLOGOUS_END_JOINING,9
GOBP_SIGNAL_TRANSDUCTION_IN_RESPONSE_TO_DNA_DAMAGE,9
REACTOME_G2_M_DNA_DAMAGE_CHECKPOINT,9
REACTOME_GLOBAL_GENOME_NUCLEOTIDE_EXCISION_REPAIR_GG_NER,9
SU_HO_FOETAL_FEMUR_C3_PROLIFERATING_CHONDROCYTE,9
WP_DNA_IRDOUBLE_STRAND_BREAKS_AND_CELLULAR_RESPONSE_VIA_ATM,9
GOBP_DNA_INTEGRITY_CHECKPOINT_SIGNALING,8
LOPEZ_MBD_TARGETS,8
PULVER_FOREY_CELLCYCLE_PEAKING_S1,8
REACTOME_DOUBLE_STRAND_BREAK_REPAIR,8
SPIELMAN_LYMPHOBLAST_EUROPEAN_VS_ASIAN_UP,8
WP_NUCLEOTIDE_EXCISION_REPAIR_IN_XERODERMA_PIGMENTOSUM,8
CARRILLOREIXACH_HEPATOBLASTOMA_VS_NORMAL_UP,7
GOBP_NEGATIVE_REGULATION_OF_GENE_EXPRESSION_EPIGENETIC,7
GOCC_CONDENSED_CHROMOSOME,7
GOMF_HISTONE_BINDING,7
GOMF_TRANSCRIPTION_COACTIVATOR_ACTIVITY,7
PATIL_LIVER_CANCER,7
PULVER_FOREY_CELLCYCLE_ENRICHED_TFS_G2_M,7
PULVER_FOREY_CELLCYCLE_PEAKING_G2_M,7
PULVER_FOREY_CELLCYCLE_PEAKING_S2,7
PULVER_FOREY_PERTURB_ACCUMULATION_LG1,7
PULVER_FOREY_PERTURB_ATTRITION_LG1,7
REACTOME_PROCESSING_OF_DNA_DOUBLE_STRAND_BREAK_ENDS,7
TIEN_INTESTINE_PROBIOTICS_24HR_UP,7
WHITFIELD_CELL_CYCLE_G2,7
WP_DNA_DAMAGE_RESPONSE,7
WP_MIRNA_REGULATION_OF_DNA_DAMAGE_RESPONSE,7
CHICAS_RB1_TARGETS_SENESCENT,6
DAZARD_RESPONSE_TO_UV_NHEK_DN,6
DEBIASI_APOPTOSIS_BY_REOVIRUS_INFECTION_DN,6
GEORGES_TARGETS_OF_MIR192_AND_MIR215,6
GOBP_BASE_EXCISION_REPAIR,6
GOBP_DNA_REPLICATION,6
GOBP_NUCLEOTIDE_EXCISION_REPAIR,6
GOBP_POSITIVE_REGULATION_OF_DNA_REPAIR,6
GOCC_CHROMOSOME_CENTROMERIC_REGION,6
MODULE_244,6
PULVER_FOREY_CELLCYCLE_ENRICHED_TFS_G2,6
PULVER_FOREY_CELLCYCLE_ENRICHED_TFS_S2,6
REACTOME_DNA_DOUBLE_STRAND_BREAK_RESPONSE,6
REACTOME_SUMOYLATION_OF_DNA_DAMAGE_RESPONSE_AND_REPAIR_PROTEINS,6
DACOSTA_UV_RESPONSE_VIA_ERCC3_COMMON_DN,5
ENK_UV_RESPONSE_KERATINOCYTE_UP,5
GOBP_DNA_TEMPLATED_DNA_REPLICATION,5
GOBP_INTRINSIC_APOPTOTIC_SIGNALING_PATHWAY_IN_RESPONSE_TO_DNA_DAMAGE,5
GOBP_PROTEIN_LOCALIZATION_TO_SITE_OF_DOUBLE_STRAND_BREAK,5
GOCC_REPLICATION_FORK,5
GOMF_DNA_SECONDARY_STRUCTURE_BINDING,5
GOMF_RNA_POLYMERASE_II_TRANSCRIPTION_REGULATORY_REGION_SEQUENCE_SPECIFIC_DNA_BINDING,5
LASTOWSKA_NEUROBLASTOMA_COPY_NUMBER_DN,5
MODULE_403,5
MORF_XRCC5,5
PULVER_FOREY_CELLCYCLE_PEAKING_G2,5
PULVER_FOREY_PERTURB_ACCUMULATION_S,5
PULVER_FOREY_PERTURB_ATTRITION_S,5
REACTOME_BASE_EXCISION_REPAIR,5
REACTOME_HOMOLOGOUS_RECOMBINATION_REPAIR_OF_REPLICATION_INDEPENDENT_DOUBLE_STRAND_BREAKS,5
REACTOME_TRANSCRIPTION_COUPLED_NUCLEOTIDE_EXCISION_REPAIR_TC_NER,5
SCHLOSSER_SERUM_RESPONSE_DN,5
WANG_LMO4_TARGETS_UP,5
WP_NIPBL_ROLE_IN_DNA_DAMAGE_CORNELIA_DE_LANGE_SYNDROME,5
DAZARD_UV_RESPONSE_CLUSTER_G6,4
FLECHNER_BIOPSY_KIDNEY_TRANSPLANT_OK_VS_DONOR_UP,4
GENTILE_UV_HIGH_DOSE_DN,4
GOBP_INTERSTRAND_CROSS_LINK_REPAIR,4
GOBP_MITOTIC_DNA_INTEGRITY_CHECKPOINT_SIGNALING,4
GOBP_NEGATIVE_REGULATION_OF_DNA_REPAIR,4
GOBP_REGULATION_OF_DNA_REPLICATION,4
GOBP_TELOMERE_CAPPING,4
GOCC_DNA_REPAIR_COMPLEX,4
GSE8835_CD4_VS_CD8_TCELL_UP,4
HALLMARK_DNA_REPAIR,4
HORIUCHI_WTAP_TARGETS_DN,4
KAUFFMANN_DNA_REPLICATION_GENES,4
KEGG_CELL_CYCLE,4
KEGG_NUCLEOTIDE_EXCISION_REPAIR,4
KEGG_P53_SIGNALING_PATHWAY,4
MARTENS_TRETINOIN_RESPONSE_DN,4
MORF_DDB1,4
OUELLET_OVARIAN_CANCER_INVASIVE_VS_LMP_UP,4
PULVER_FOREY_PERTURB_ATTRITION_M_EG1,4
REACTOME_TP53_REGULATES_TRANSCRIPTION_OF_DNA_REPAIR_GENES,4
REN_BOUND_BY_E2F,4
STRUCTURE_SPECIFIC_DNA_BINDING,4
WAKASUGI_HAVE_ZNF143_BINDING_SITES,4
WEI_MYCN_TARGETS_WITH_E_BOX,4
WP_NUCLEOTIDE_EXCISION_REPAIR,4
ABRAMSON_INTERACT_WITH_AIRE,3
AGUIRRE_PANCREATIC_CANCER_COPY_NUMBER_DN,3
BIOCARTA_G2_PATHWAY,3
BOYAULT_LIVER_CANCER_SUBCLASS_G1_UP,3
CHARAFE_BREAST_CANCER_LUMINAL_VS_BASAL_UP,3
CHICAS_RB1_TARGETS_GROWING,3
COLLIS_PRKDC_SUBSTRATES,3
DAZARD_RESPONSE_TO_UV_SCC_DN,3
ENK_UV_RESPONSE_EPIDERMIS_UP,3
FERNANDEZ_BOUND_BY_MYC,3
FLECHNER_PBL_KIDNEY_TRANSPLANT_REJECTED_VS_OK_UP,3
GENTILE_UV_RESPONSE_CLUSTER_D8,3
GINESTIER_BREAST_CANCER_ZNF217_AMPLIFIED_DN,3
GNF2_XRCC5,3
GOBP_DNA_DAMAGE_RESPONSE_SIGNAL_TRANSDUCTION_BY_P53_CLASS_MEDIATOR,3
GOBP_DNA_DOUBLE_STRAND_BREAK_PROCESSING,3
GOBP_DNA_TEMPLATED_DNA_REPLICATION_MAINTENANCE_OF_FIDELITY,3
GOBP_DOUBLE_STRAND_BREAK_REPAIR_VIA_CLASSICAL_NONHOMOLOGOUS_END_JOINING,3
GOBP_MITOTIC_INTRA_S_DNA_DAMAGE_CHECKPOINT_SIGNALING,3
GOBP_MITOTIC_RECOMBINATION,3
GOBP_POSTREPLICATION_REPAIR,3
GOBP_RNA_TEMPLATED_DNA_BIOSYNTHETIC_PROCESS,3
GOBP_SPINDLE_ORGANIZATION,3
GOCC_DNA_DEPENDENT_PROTEIN_KINASE_COMPLEX,3
GOCC_DNA_DEPENDENT_PROTEIN_KINASE_DNA_LIGASE_4_COMPLEX,3
GOCC_NONHOMOLOGOUS_END_JOINING_COMPLEX,3
GOCC_NUCLEAR_REPLICATION_FORK,3
GOMF_CORE_PROMOTER_SEQUENCE_SPECIFIC_DNA_BINDING,3
GOMF_DNA_HELICASE_ACTIVITY,3
GOMF_NUCLEOSOME_BINDING,3
GSE8835_HEALTHY_VS_CLL_CD8_TCELL_UP,3
HADDAD_B_LYMPHOCYTE_PROGENITOR,3
HP_ABNORMALITY_OF_DNA_REPAIR,3
HP_DEFECTIVE_DNA_REPAIR_AFTER_ULTRAVIOLET_RADIATION_DAMAGE,3
HP_TYPIFIED_BY_SOMATIC_MOSAICISM,3
KAUFFMANN_MELANOMA_RELAPSE_UP,3
KEGG_BASE_EXCISION_REPAIR,3
KEGG_NON_HOMOLOGOUS_END_JOINING,3
KYNG_DNA_DAMAGE_UP,3
LU_AGING_BRAIN_DN,3
MORF_DNMT1,3
NAKAMURA_TUMOR_ZONE_PERIPHERAL_VS_CENTRAL_DN,3
PULVER_FOREY_PERTURB_ATTRITION_G1_S,3
REACTOME_CYTOSOLIC_SENSORS_OF_PATHOGEN_ASSOCIATED_DNA,3
REACTOME_DNA_DAMAGE_RECOGNITION_IN_GG_NER,3
REACTOME_DNA_REPLICATION,3
REACTOME_GAP_FILLING_DNA_REPAIR_SYNTHESIS_AND_LIGATION_IN_GG_NER,3
SMIRNOV_RESPONSE_TO_IR_6HR_UP,3
SU_HO_CONV_CENT_CHONDROSARCOMA_C1_HIGH_GRADE_CHONDROSARCOMA_2,3
SU_HO_CONV_CENT_CHONDROSARCOMA_C7_PROLIFERATIVE,3
SU_HO_FOETAL_FEMUR_C0_TRANSITIONING_CELL,3
TIEN_INTESTINE_PROBIOTICS_24HR_DN,3
TOYOTA_TARGETS_OF_MIR34B_AND_MIR34C,3
WANG_CISPLATIN_RESPONSE_AND_XPC_UP,3
WANG_CLIM2_TARGETS_UP,3
WHITFIELD_CELL_CYCLE_G2_M,3
WP_BASE_EXCISION_REPAIR,3
ZHAN_MULTIPLE_MYELOMA_SUBGROUPS,3
ZHOU_CELL_CYCLE_GENES_IN_IR_RESPONSE_24HR,3
ZHU_CMV_ALL_DN,3
ACEVEDO_LIVER_TUMOR_VS_NORMAL_ADJACENT_TISSUE_DN,2
ACEVEDO_NORMAL_TISSUE_ADJACENT_TO_LIVER_TUMOR_UP,2
BAELDE_DIABETIC_NEPHROPATHY_DN,2
BIOCARTA_ATRBRCA_PATHWAY,2
BIOCARTA_P53HYPOXIA_PATHWAY,2
BIOCARTA_TEL_PATHWAY,2
BOYAULT_LIVER_CANCER_SUBCLASS_G3_UP,2
CHARAFE_BREAST_CANCER_LUMINAL_VS_BASAL_DN,2
CHARAFE_BREAST_CANCER_LUMINAL_VS_MESENCHYMAL_DN,2
CHROMOSOMAL_PART,2
COLLIS_PRKDC_REGULATORS,2
DACOSTA_UV_RESPONSE_VIA_ERCC3_UP,2
DEURIG_T_CELL_PROLYMPHOCYTIC_LEUKEMIA_UP,2
DNA_DAMAGE_CHECKPOINT,2
FAELT_B_CLL_WITH_VH3_21_DN,2
FLECHNER_PBL_KIDNEY_TRANSPLANT_OK_VS_DONOR_DN,2
GCM_APEX1,2
GCM_ERCC4,2
GENTILE_UV_RESPONSE_CLUSTER_D4,2
GEORGES_CELL_CYCLE_MIR192_TARGETS,2
GINESTIER_BREAST_CANCER_20Q13_AMPLIFICATION_UP,2
GOBP_CANONICAL_NF_KAPPAB_SIGNAL_TRANSDUCTION,2
GOBP_CGAS_STING_SIGNALING_PATHWAY,2
GOBP_DNA_CONFORMATION_CHANGE,2
GOBP_DNA_STRAND_ELONGATION,2
GOBP_DNA_TOPOLOGICAL_CHANGE,2
GOBP_DOUBLE_STRAND_BREAK_REPAIR_VIA_ALTERNATIVE_NONHOMOLOGOUS_END_JOINING,2
GOBP_HOMOLOGOUS_RECOMBINATION,2
GOBP_INTRINSIC_APOPTOTIC_SIGNALING_PATHWAY_IN_RESPONSE_TO_DNA_DAMAGE_BY_P53_CLASS_MEDIATOR,2
GOBP_MISMATCH_REPAIR,2
GOBP_MITOCHONDRIAL_DNA_REPAIR,2
GOBP_MITOTIC_NUCLEAR_DIVISION,2
GOBP_NEGATIVE_REGULATION_OF_DNA_REPLICATION,2
GOBP_NUCLEIC_ACID_CATABOLIC_PROCESS,2
GOBP_POSITIVE_REGULATION_BY_HOST_OF_VIRAL_TRANSCRIPTION,2
GOBP_POSITIVE_REGULATION_OF_DNA_RECOMBINATION,2
GOBP_PROTEIN_K63_LINKED_UBIQUITINATION,2
GOBP_PYRIMIDINE_DIMER_REPAIR,2
GOBP_REGULATION_OF_DNA_DAMAGE_RESPONSE_SIGNAL_TRANSDUCTION_BY_P53_CLASS_MEDIATOR,2
GOBP_REGULATION_OF_DNA_RECOMBINATION,2
GOBP_REGULATION_OF_DOUBLE_STRAND_BREAK_REPAIR_VIA_HOMOLOGOUS_RECOMBINATION,2
GOBP_REGULATION_OF_DOUBLE_STRAND_BREAK_REPAIR_VIA_NONHOMOLOGOUS_END_JOINING,2
GOBP_SINGLE_STRANDED_VIRAL_RNA_REPLICATION_VIA_DOUBLE_STRANDED_DNA_INTERMEDIATE,2
GOBP_SINGLE_STRAND_BREAK_REPAIR,2
GOBP_TRANSCRIPTION_COUPLED_NUCLEOTIDE_EXCISION_REPAIR,2
GOBP_UV_DAMAGE_EXCISION_REPAIR,2
GOCC_CHROMOSOME_TELOMERIC_REPEAT_REGION,2
GOCC_CONDENSED_NUCLEAR_CHROMOSOME,2
GOCC_DNA_REPLICATION_FACTOR_A_COMPLEX,2
GOCC_KINETOCHORE,2
GOCC_REPLISOME,2
GOCC_TRANSCRIPTION_FACTOR_TFIID_COMPLEX,2
GOMF_CHROMATIN_DNA_BINDING,2
GOMF_CIS_REGULATORY_REGION_SEQUENCE_SPECIFIC_DNA_BINDING,2
GOMF_DNA_APURINIC_OR_APYRIMIDINIC_SITE_ENDONUCLEASE_ACTIVITY,2
GOMF_MINOR_GROOVE_OF_ADENINE_THYMINE_RICH_DNA_BINDING,2
GOMF_MRNA_BINDING,2
GOMF_NUCLEOSOMAL_DNA_BINDING,2
GOMF_OXIDIZED_DNA_BINDING,2
GOMF_SEQUENCE_SPECIFIC_SINGLE_STRANDED_DNA_BINDING,2
GOMF_TRANSCRIPTION_COREGULATOR_BINDING,2
HADDAD_T_LYMPHOCYTE_AND_NK_PROGENITOR_UP,2
HELLER_HDAC_TARGETS_DN,2
HELLER_HDAC_TARGETS_SILENCED_BY_METHYLATION_UP,2
KEGG_HOMOLOGOUS_RECOMBINATION,2
KIM_MYC_AMPLIFICATION_TARGETS_UP,2
KYNG_WERNER_SYNDROM_AND_NORMAL_AGING_DN,2
LI_AMPLIFIED_IN_LUNG_CANCER,2
LOCKWOOD_AMPLIFIED_IN_LUNG_CANCER,2
LU_AGING_BRAIN_UP,2
MAHAJAN_RESPONSE_TO_IL1A_DN,2
MANN_RESPONSE_TO_AMIFOSTINE_UP,2
MATTIOLI_MGUS_VS_PCL,2
MISSIAGLIA_REGULATED_BY_METHYLATION_DN,2
MODULE_158,2
MODULE_392,2
NAKAMURA_TUMOR_ZONE_PERIPHERAL_VS_CENTRAL_UP,2
PULVER_FOREY_PERTURB_ACCUMULATION_G1_S,2
PULVER_FOREY_PERTURB_ACCUMULATION_M_EG1,2
PULVER_FOREY_PERTURB_ATTRITION_G2_M,2
REACTOME_DISEASES_OF_DNA_REPAIR,2
REACTOME_DNA_DAMAGE_BYPASS,2
REACTOME_DNA_DAMAGE_TELOMERE_STRESS_INDUCED_SENESCENCE,2
REACTOME_DNA_REPLICATION_PRE_INITIATION,2
REACTOME_HOMOLOGOUS_DNA_PAIRING_AND_STRAND_EXCHANGE,2
REACTOME_TRANSLESION_SYNTHESIS_BY_Y_FAMILY_DNA_POLYMERASES_BYPASSES_LESIONS_ON_DNA_TEMPLATE,2
RHODES_CANCER_META_SIGNATURE,2
RHODES_UNDIFFERENTIATED_CANCER,2
ROSTY_CERVICAL_CANCER_PROLIFERATION_CLUSTER,2
SCHLOSSER_MYC_TARGETS_REPRESSED_BY_SERUM,2
SCHLOSSER_SERUM_RESPONSE_UP,2
SCIBETTA_KDM5B_TARGETS_DN,2
SONG_TARGETS_OF_IE86_CMV_PROTEIN,2
SPIELMAN_LYMPHOBLAST_EUROPEAN_VS_ASIAN_DN,2
SU_HO_CONV_CENT_CHONDROSARCOMA_C5_CHON2,2
SU_HO_CONV_CENT_CHONDROSARCOMA_LEUKOCYTE_C4_OSTEOCLAST,2
TIEN_INTESTINE_PROBIOTICS_2HR_DN,2
TSAI_RESPONSE_TO_IONIZING_RADIATION,2
VANHARANTA_UTERINE_FIBROID_UP,2
WHITFIELD_CELL_CYCLE_M_G1,2
WP_MIRNAS_INVOLVED_IN_DNA_DAMAGE_RESPONSE,2
ZHONG_RESPONSE_TO_AZACITIDINE_AND_TSA_DN,2
ZHU_CMV_8_HR_DN,2
ACEVEDO_LIVER_CANCER_DN,1
ACEVEDO_METHYLATED_IN_LIVER_CANCER_DN,1
ACEVEDO_NORMAL_TISSUE_ADJACENT_TO_LIVER_TUMOR_DN,1
BAE_BRCA1_TARGETS_DN,1
BAE_BRCA1_TARGETS_UP,1
BILD_CTNNB1_ONCOGENIC_SIGNATURE,1
BILD_E2F3_ONCOGENIC_SIGNATURE,1
BILD_HRAS_ONCOGENIC_SIGNATURE,1
BILD_MYC_ONCOGENIC_SIGNATURE,1
BIOCARTA_ATM_PATHWAY,1
BIOCARTA_CHEMICAL_PATHWAY,1
BIOCARTA_DNAFRAGMENT_PATHWAY,1
BIOCARTA_G1_PATHWAY,1
BOYAULT_LIVER_CANCER_SUBCLASS_G123_UP,1
BOYAULT_LIVER_CANCER_SUBCLASS_G23_UP,1
CARRILLOREIXACH_HEPATOBLASTOMA_VS_NORMAL_DN,1
CASORELLI_ACUTE_PROMYELOCYTIC_LEUKEMIA_UP,1
CHEN_NEUROBLASTOMA_COPY_NUMBER_GAINS,1
CHICAS_RB1_TARGETS_CONFLUENT,1
CORONEL_RFX7_DIRECT_TARGETS_UP,1
DACOSTA_UV_RESPONSE_VIA_ERCC3_TTD_UP,1
DAZARD_RESPONSE_TO_UV_NHEK_UP,1
DAZARD_UV_RESPONSE_CLUSTER_G5,1
DEBIASI_APOPTOSIS_BY_REOVIRUS_INFECTION_UP,1
DEURIG_T_CELL_PROLYMPHOCYTIC_LEUKEMIA_DN,1
DING_LUNG_CANCER_BY_MUTATION_RATE,1
DING_LUNG_CANCER_EXPRESSION_BY_COPY_NUMBER,1
DORN_ADENOVIRUS_INFECTION_12HR_DN,1
DORN_ADENOVIRUS_INFECTION_24HR_DN,1
DORN_ADENOVIRUS_INFECTION_32HR_UP,1
DORN_ADENOVIRUS_INFECTION_48HR_UP,1
EHLERS_ANEUPLOIDY_UP,1
ENK_UV_RESPONSE_EPIDERMIS_DN,1
FAELT_B_CLL_WITH_VH3_21_UP,1
FERREIRA_EWINGS_SARCOMA_UNSTABLE_VS_STABLE_UP,1
FLECHNER_BIOPSY_KIDNEY_TRANSPLANT_REJECTED_VS_OK_DN,1
FLECHNER_BIOPSY_KIDNEY_TRANSPLANT_REJECTED_VS_OK_UP,1
G1_PHASE,1
G1_PHASE_OF_MITOTIC_CELL_CYCLE,1
GAL_LEUKEMIC_STEM_CELL_DN,1
GCM_DFFA,1
GENTILE_UV_LOW_DOSE_DN,1
GENTILE_UV_RESPONSE_CLUSTER_D5,1
GENTILE_UV_RESPONSE_CLUSTER_D6,1
GINESTIER_BREAST_CANCER_20Q13_AMPLIFICATION_DN,1
GINESTIER_BREAST_CANCER_ZNF217_AMPLIFIED_UP,1
GNF2_APEX1,1
GOBP_BASE_EXCISION_REPAIR_GAP_FILLING,1
GOBP_CENTROMERE_COMPLEX_ASSEMBLY,1
GOBP_DNA_ALKYLATION_REPAIR,1
GOBP_DNA_REPAIR_COMPLEX_ASSEMBLY,1
GOBP_DNA_REPLICATION_CHECKPOINT_SIGNALING,1
GOBP_DNA_STRAND_ELONGATION_INVOLVED_IN_DNA_REPLICATION,1
GOBP_DNA_SYNTHESIS_INVOLVED_IN_DNA_REPAIR,1
GOBP_DNA_TEMPLATED_TRANSCRIPTION_TERMINATION,1
GOBP_DOUBLE_STRAND_BREAK_REPAIR_VIA_SINGLE_STRAND_ANNEALING,1
GOBP_DOUBLE_STRAND_BREAK_REPAIR_VIA_SYNTHESIS_DEPENDENT_STRAND_ANNEALING,1
GOBP_KINETOCHORE_ASSEMBLY,1
GOBP_KINETOCHORE_ORGANIZATION,1
GOBP_MITOCHONDRIAL_DNA_REPLICATION,1
GOBP_MRNA_TRANSCRIPTION,1
GOBP_NEGATIVE_REGULATION_OF_DNA_BINDING,1
GOBP_NEGATIVE_REGULATION_OF_DNA_RECOMBINATION,1
GOBP_NEGATIVE_REGULATION_OF_DNA_TEMPLATED_DNA_REPLICATION,1
GOBP_NEGATIVE_REGULATION_OF_DOUBLE_STRAND_BREAK_REPAIR_VIA_HOMOLOGOUS_RECOMBINATION,1
GOBP_NEGATIVE_REGULATION_OF_DOUBLE_STRAND_BREAK_REPAIR_VIA_NONHOMOLOGOUS_END_JOINING,1
GOBP_NEGATIVE_REGULATION_OF_SINGLE_STRANDED_VIRAL_RNA_REPLICATION_VIA_DOUBLE_STRANDED_DNA_INTERMEDIATE,1
GOBP_POSITIVE_REGULATION_OF_DNA_BIOSYNTHETIC_PROCESS,1
GOBP_POSITIVE_REGULATION_OF_DNA_DAMAGE_RESPONSE_SIGNAL_TRANSDUCTION_BY_P53_CLASS_MEDIATOR,1
GOBP_POSITIVE_REGULATION_OF_DOUBLE_STRAND_BREAK_REPAIR_VIA_HOMOLOGOUS_RECOMBINATION,1
GOBP_POSITIVE_REGULATION_OF_DOUBLE_STRAND_BREAK_REPAIR_VIA_NONHOMOLOGOUS_END_JOINING,1
GOBP_POSITIVE_REGULATION_OF_GENE_EXPRESSION_EPIGENETIC,1
GOBP_POSITIVE_REGULATION_OF_INTRINSIC_APOPTOTIC_SIGNALING_PATHWAY_IN_RESPONSE_TO_DNA_DAMAGE,1
GOBP_PROTEIN_DNA_COVALENT_CROSS_LINKING_REPAIR,1
GOBP_REGULATION_OF_DNA_BINDING,1
GOBP_REGULATION_OF_DNA_BIOSYNTHETIC_PROCESS,1
GOBP_REGULATION_OF_DNA_DAMAGE_CHECKPOINT,1
GOBP_REGULATION_OF_DNA_STRAND_ELONGATION,1
GOBP_REGULATION_OF_DNA_TEMPLATED_DNA_REPLICATION,1
GOBP_REGULATION_OF_INTRINSIC_APOPTOTIC_SIGNALING_PATHWAY_IN_RESPONSE_TO_DNA_DAMAGE,1
GOBP_REGULATION_OF_MITOCHONDRIAL_DNA_METABOLIC_PROCESS,1
GOBP_REGULATION_OF_TELOMERE_MAINTENANCE_IN_RESPONSE_TO_DNA_DAMAGE,1
GOBP_REPLICATION_BORN_DOUBLE_STRAND_BREAK_REPAIR_VIA_SISTER_CHROMATID_EXCHANGE,1
GOBP_RNA_POLYMERASE_II_PREINITIATION_COMPLEX_ASSEMBLY,1
GOBP_TRANSCRIPTION_BY_RNA_POLYMERASE_I,1
GOBP_TRANSCRIPTION_PREINITIATION_COMPLEX_ASSEMBLY,1
GOBP_TRANSLESION_SYNTHESIS,1
GOCC_NUCLEOSOME,1
GOCC_SMC5_SMC6_COMPLEX,1
GOCC_TRANSCRIPTION_PREINITIATION_COMPLEX,1
GOMF_3_5_DNA_HELICASE_ACTIVITY,1
GOMF_BUBBLE_DNA_BINDING,1
GOMF_DNA_BINDING_TRANSCRIPTION_FACTOR_ACTIVITY,1
GOMF_DNA_DAMAGE_SENSOR_ACTIVITY,1
GOMF_DNA_INSERTION_OR_DELETION_BINDING,1
GOMF_DNA_N_GLYCOSYLASE_ACTIVITY,1
GOMF_DNA_POLYMERASE_BINDING,1
GOMF_DNA_TOPOISOMERASE_ACTIVITY,1
GOMF_FOUR_WAY_JUNCTION_DNA_BINDING,1
GOMF_GENERAL_TRANSCRIPTION_INITIATION_FACTOR_ACTIVITY,1
GOMF_MISMATCHED_DNA_BINDING,1
GOMF_MISMATCH_REPAIR_COMPLEX_BINDING,1
GOMF_MUTLALPHA_COMPLEX_BINDING,1
GOMF_MUTSALPHA_COMPLEX_BINDING,1
GOMF_NUCLEAR_VITAMIN_D_RECEPTOR_BINDING,1
GOMF_RNA_POLYMERASE_II_CORE_PROMOTER_SEQUENCE_SPECIFIC_DNA_BINDING,1
GOMF_SUPERCOILED_DNA_BINDING,1
GSE12963_UNINF_VS_ENV_AND_NEF_AND_VPR_DEFICIENT_HIV1_INF_CD4_TCELL_UP,1
GSE12963_UNINF_VS_ENV_AND_NEF_DEFICIENT_HIV1_INF_CD4_TCELL_UP,1
HATADA_METHYLATED_IN_LUNG_CANCER_UP,1
HEIDENBLAD_AMPLICON_12P11_12_UP,1
HEIDENBLAD_AMPLICON_8Q24_DN,1
HELLER_HDAC_TARGETS_SILENCED_BY_METHYLATION_DN,1
HELLER_HDAC_TARGETS_UP,1
HELLER_SILENCED_BY_METHYLATION_UP,1
HONRADO_BREAST_CANCER_BRCA1_VS_BRCA2,1
HOQUE_METHYLATED_IN_CANCER,1
HP_ABNORMALLY_LOW_T_CELL_RECEPTOR_EXCISION_CIRCLE_LEVEL,1
HP_ABNORMAL_CHROMOSOME_MORPHOLOGY,1
HP_MITOCHONDRIAL_DEPLETION,1
HP_MULTIPLE_MITOCHONDRIAL_DNA_DELETIONS,1
HUPER_BREAST_BASAL_VS_LUMINAL_UP,1
HUTTMANN_B_CLL_POOR_SURVIVAL_DN,1
INGA_TP53_TARGETS,1
KANNAN_TP53_TARGETS_UP,1
KEGG_ARRHYTHMOGENIC_RIGHT_VENTRICULAR_CARDIOMYOPATHY_ARVC,1
KEGG_DNA_REPLICATION,1
KEGG_MEDICUS_REFERENCE_DNA_END_RESECTION_AND_RPA_LOADING,1
KEGG_MEDICUS_REFERENCE_DNA_REPLICATION_TERMINATION,1
KEGG_MEDICUS_REFERENCE_ORIGIN_UNWINDING_AND_ELONGATION,1
KEGG_MEDICUS_REFERENCE_TRAIP_DEPENDENT_REPLISOME_DISASSEMBLY,1
KEGG_MISMATCH_REPAIR,1
KEGG_NOTCH_SIGNALING_PATHWAY,1
KEGG_OOCYTE_MEIOSIS,1
KIM_RESPONSE_TO_TSA_AND_DECITABINE_UP,1
KONDO_PROSTATE_CANCER_HCP_WITH_H3K27ME3,1
KYNG_DNA_DAMAGE_BY_4NQO_OR_GAMMA_RADIATION,1
KYNG_DNA_DAMAGE_BY_4NQO_OR_UV,1
KYNG_DNA_DAMAGE_BY_GAMMA_AND_UV_RADIATION,1
KYNG_RESPONSE_TO_H2O2,1
LASTOWSKA_NEUROBLASTOMA_COPY_NUMBER_UP,1
LAU_APOPTOSIS_CDKN2A_UP,1
LOPEZ_MBD_TARGETS_IMPRINTED_AND_X_LINKED,1
MACLACHLAN_BRCA1_TARGETS_UP,1
MAGRANGEAS_MULTIPLE_MYELOMA_IGG_VS_IGA_UP,1
MARTINEZ_RESPONSE_TO_TRABECTEDIN,1
MOOTHA_GLYCOGEN_METABOLISM,1
MOOTHA_HUMAN_MITODB_6_2002,1
MOOTHA_MITOCHONDRIA,1
MOOTHA_PGC,1
MORF_ERCC4,1
MURAKAMI_UV_RESPONSE_6HR_UP,1
MYLLYKANGAS_AMPLIFICATION_HOT_SPOT_21,1
MYLLYKANGAS_AMPLIFICATION_HOT_SPOT_23,1
MYLLYKANGAS_AMPLIFICATION_HOT_SPOT_25,1
MYLLYKANGAS_AMPLIFICATION_HOT_SPOT_27,1
NATSUME_RESPONSE_TO_INTERFERON_BETA_DN,1
NATSUME_RESPONSE_TO_INTERFERON_BETA_UP,1
NUCLEAR_CHROMATIN,1
OUELLET_CULTURED_OVARIAN_CANCER_INVASIVE_VS_LMP_UP,1
OUILLETTE_CLL_13Q14_DELETION_DN,1
PEREZ_TP53_TARGETS,1
PHONG_TNF_RESPONSE_NOT_VIA_P38,1
PHONG_TNF_RESPONSE_VIA_P38_COMPLETE,1
POMEROY_MEDULLOBLASTOMA_DESMOPLASIC_VS_CLASSIC_UP,1
POMEROY_MEDULLOBLASTOMA_PROGNOSIS_DN,1
PRAMOONJAGO_SOX4_TARGETS_DN,1
PULVER_FOREY_CELLCYCLE_ENRICHED_TFS_M,1
PULVER_FOREY_CELLCYCLE_ENRICHED_TFS_S1,1
PULVER_FOREY_CELLCYCLE_PEAKING_G1_S,1
PULVER_FOREY_CELLCYCLE_PEAKING_LG1,1
PULVER_FOREY_CELLCYCLE_PEAKING_M,1
PULVER_FOREY_PERTURB_ACCUMULATION_G2_M,1
QI_PBMC_ZOSTAVAX_AGE_50_75YO_CORRELATED_WITH_28D_PEAK_T_CELL_RESPONSE_14DY_NEGATIVE,1
QI_PBMC_ZOSTAVAX_AGE_50_75YO_CORRELATED_WITH_CONTRACTION_OF_VZV_SPECIFIC_T_CELLS_PEAK_TO_28DY_AT_1DYPOSITIVE,1
QI_PBMC_ZOSTAVAX_AGE_50_75YO_CORRELATED_WITH_EXPANSION_OF_VZV_SPECIFIC_T_CELLS_TO_PEAK_AT_1DY_POSITIVE,1
REACTOME_DNA_METHYLATION,1
REACTOME_DNA_STRAND_ELONGATION,1
REACTOME_FORMATION_OF_TRANSCRIPTION_COUPLED_NER_TC_NER_REPAIR_COMPLEX,1
REACTOME_G1_S_DNA_DAMAGE_CHECKPOINTS,1
REACTOME_INHIBITION_OF_DNA_RECOMBINATION_AT_TELOMERE,1
REACTOME_MISMATCH_REPAIR,1
REACTOME_P53_INDEPENDENT_G1_S_DNA_DAMAGE_CHECKPOINT,1
REACTOME_PCNA_DEPENDENT_LONG_PATCH_BASE_EXCISION_REPAIR,1
REACTOME_POLB_DEPENDENT_LONG_PATCH_BASE_EXCISION_REPAIR,1
REACTOME_PRC2_METHYLATES_HISTONES_AND_DNA,1
REACTOME_RECOGNITION_AND_ASSOCIATION_OF_DNA_GLYCOSYLASE_WITH_SITE_CONTAINING_AN_AFFECTED_PURINE,1
REACTOME_RECOGNITION_OF_DNA_DAMAGE_BY_PCNA_CONTAINING_REPLICATION_COMPLEX,1
REACTOME_REPAIR_SYNTHESIS_FOR_GAP_FILLING_BY_DNA_POL_IN_TC_NER,1
REACTOME_STRAND_ASYNCHRONOUS_MITOCHONDRIAL_DNA_REPLICATION,1
REACTOME_SUMOYLATION_OF_DNA_REPLICATION_PROTEINS,1
REACTOME_SYNTHESIS_OF_DNA,1
REACTOME_TERMINATION_OF_TRANSLESION_DNA_SYNTHESIS,1
ROVERSI_GLIOMA_COPY_NUMBER_UP,1
RUTELLA_RESPONSE_TO_CSF2RB_AND_IL4_DN,1
RUTELLA_RESPONSE_TO_HGF_DN,1
RUTELLA_RESPONSE_TO_HGF_VS_CSF2RB_AND_IL4_DN,1
SCHAVOLT_TARGETS_OF_TP53_AND_TP63,1
SCHLOSSER_MYC_AND_SERUM_RESPONSE_SYNERGY,1
SCHLOSSER_SERUM_RESPONSE_AUGMENTED_BY_MYC,1
SCIAN_CELL_CYCLE_TARGETS_OF_TP53_AND_TP73_UP,1
SOGA_COLORECTAL_CANCER_MYC_UP,1
STANELLE_E2F1_TARGETS,1
SU_HO_CONV_CENT_CHONDROSARCOMA_C3_CHONDROBLASTIC_OSTEOSARCOMA,1
SU_HO_CONV_CENT_CHONDROSARCOMA_C4_HIGH_GRADE_CHONDROSARCOMA_1,1
SU_HO_CONV_CENT_CHONDROSARCOMA_STROMAL_C0_MINERALISATION_STROMAL_CELL,1
SU_HO_CONV_CENT_CHONDROSARCOMA_STROMAL_C1_OSSIFICATION_STROMAL_CELL,1
SU_HO_FOETAL_FEMUR_C4_FIBROBLAST,1
TANG_SENESCENCE_TP53_TARGETS_DN,1
TIEN_INTESTINE_PROBIOTICS_6HR_DN,1
TIEN_INTESTINE_PROBIOTICS_6HR_UP,1
TOOKER_GEMCITABINE_RESISTANCE_UP,1
TSAI_DNAJB4_TARGETS_DN,1
VANHARANTA_UTERINE_FIBROID_WITH_7Q_DELETION_UP,1
VANTVEER_BREAST_CANCER_BRCA1_UP,1
VANTVEER_BREAST_CANCER_ESR1_DN,1
VERHAAK_GLIOBLASTOMA_PRONEURAL,1
WANG_CLIM2_TARGETS_DN,1
WATANABE_COLON_CANCER_MSI_VS_MSS_DN,1
WHITFIELD_CELL_CYCLE_LITERATURE,1
WHITFIELD_CELL_CYCLE_S,1
WINNEPENNINCKX_MELANOMA_METASTASIS_UP,1
WP_DNA_MISMATCH_REPAIR,1
WP_DNA_REPLICATION,1
WP_SMC1SMC3_ROLE_IN_DNA_DAMAGE_CORNELIA_DE_LANGE_SYNDROME,1
XU_AKT1_TARGETS_6HR,1
ZHAN_MULTIPLE_MYELOMA_UP,1
ZHOU_CELL_CYCLE_GENES_IN_IR_RESPONSE_6HR,1
ZHU_CMV_24_HR_DN,1
ZHU_CMV_24_HR_UP,1
ZHU_CMV_ALL_UP,1
